{"20": {"ANN_R2": 0.6601770786072254, "ANN_MSE": 1021.8373264151022, "XGB_R2": 0.911405219356788, "XGB_MSE": 266.40184663163535, "epochs": 100}, "25": {"ANN_R2": 0.6604793637407667, "ANN_MSE": 1291.6797602779643, "XGB_R2": 0.8846070943376853, "XGB_MSE": 439.0033029093176, "epochs": 100}}