{"ANN_R2": 0.911049544644521, "ANN_MSE": 11.459161736661098, "XGB_R2": 0.9777288141871708, "XGB_MSE": 2.8691153887468244}