{"15": {"ANN_R2": 0.9280866769916327, "ANN_MSE": 32.62658984102682, "XGB_R2": 0.9539340889841724, "XGB_MSE": 20.899793271849937, "epochs": 100}, "20": {"ANN_R2": 0.800887534516908, "ANN_MSE": 123.13564887445501, "XGB_R2": 0.938781537661811, "XGB_MSE": 37.858880732655045, "epochs": 100}}