{"10": {"ANN_R2": 0.909816948839395, "ANN_MSE": 1863921284.7348027, "XGB_R2": 0.9702270246271438, "XGB_MSE": 615353792.0171143, "epochs": 100}, "15": {"ANN_R2": 0.9106515093448877, "ANN_MSE": 2729895634.6368256, "XGB_R2": 0.9508167474996353, "XGB_MSE": 1502713087.9720573, "epochs": 100}}