{"10": {"ANN_R2": -12.116012199700815, "XGB_R2": 0.972556327033647, "epochs": 1}, "15": {"ANN_R2": -18.073467568352996, "XGB_R2": 0.9553017201951887, "epochs": 1}}