{"ANN_R2": -406.91074584214425, "XGB_R2": 0.5673882214305788, "epochs": 10}